Cold Water.Time;Calender;Bath Tub;Kitchen Sink (10L/min);Dishwasher Whirlpool 45cm from Ikea;Bathroom Sink 15 L/Min;Washing Machine AEG Lavamat 54610;Shower 5 L/min;Toilet 10L/min;
0;00:00:00;0;0;0;0;0;0;0;
1;00:01:00;0;0;0;0;0;0;0;
2;00:02:00;0;0;0;0;0;0;0;
3;00:03:00;0;0;0;0;0;0;0;
4;00:04:00;0;0;0;0;0;0;0;
5;00:05:00;0;0;0;0;0;0;0;
6;00:06:00;0;0;0;0;0;0;0;
7;00:07:00;0;0;0;0;0;0;0;
8;00:08:00;0;0;0;0;0;0;0;
9;00:09:00;0;0;0;0;0;0;0;
10;00:10:00;0;0;0;0;0;0;0;
11;00:11:00;0;0;0;0;0;0;0;
12;00:12:00;0;0;0;0;0;0;0;
13;00:13:00;0;0;0;0;0;0;0;
14;00:14:00;0;0;0;0;0;0;0;
15;00:15:00;0;0;0;0;0;0;0;
16;00:16:00;0;0;0;0;0;0;0;
17;00:17:00;0;0;0;0;0;0;0;
18;00:18:00;0;0;0;0;0;0;0;
19;00:19:00;0;0;0;0;0;0;0;
20;00:20:00;0;0;0;0;0;0;0;
21;00:21:00;0;0;0;0;0;0;0;
22;00:22:00;0;0;0;0;0;0;0;
23;00:23:00;0;0;0;0;0;0;0;
24;00:24:00;0;0;0;0;0;0;0;
25;00:25:00;0;0;0;0;0;0;0;
26;00:26:00;0;0;0;0;0;0;0;
27;00:27:00;0;0;0;0;0;0;0;
28;00:28:00;0;0;0;0;0;0;0;
29;00:29:00;0;0;0;0;0;0;0;
30;00:30:00;0;0;0;0;0;0;0;
31;00:31:00;0;0;0;0;0;0;0;
32;00:32:00;0;0;0;0;0;0;0;
33;00:33:00;0;0;0;0;0;0;0;
34;00:34:00;0;0;0;0;0;0;0;
35;00:35:00;0;0;0;0;0;0;0;
36;00:36:00;0;0;0;0;0;0;0;
37;00:37:00;0;0;0;0;0;0;0;
38;00:38:00;0;0;0;0;0;0;0;
39;00:39:00;0;0;0;0;0;0;0;
40;00:40:00;0;0;0;0;0;0;0;
41;00:41:00;0;0;0;0;0;0;0;
42;00:42:00;0;0;0;0;0;0;0;
43;00:43:00;0;0;0;0;0;0;0;
44;00:44:00;0;0;0;0;0;0;0;
45;00:45:00;0;0;0;0;0;0;0;
46;00:46:00;0;0;0;0;0;0;0;
47;00:47:00;0;0;0;0;0;0;0;
48;00:48:00;0;0;0;0;0;0;0;
49;00:49:00;0;0;0;0;0;0;0;
50;00:50:00;0;0;0;0;0;0;0;
51;00:51:00;0;0;0;0;0;0;0;
52;00:52:00;0;0;0;0;0;0;0;
53;00:53:00;0;0;0;0;0;0;0;
54;00:54:00;0;0;0;0;0;0;0;
55;00:55:00;0;0;0;0;0;0;0;
56;00:56:00;0;0;0;0;0;0;0;
57;00:57:00;0;0;0;0;0;0;0;
58;00:58:00;0;0;0;0;0;0;0;
59;00:59:00;0;0;0;0;0;0;0;
60;01:00:00;0;0;0;0;0;0;0;
61;01:01:00;0;0;0;0;0;0;0;
62;01:02:00;0;0;0;0;0;0;0;
63;01:03:00;0;0;0;0;0;0;0;
64;01:04:00;0;0;0;0;0;0;0;
65;01:05:00;0;0;0;0;0;0;0;
66;01:06:00;0;0;0;0;0;0;0;
67;01:07:00;0;0;0;0;0;0;0;
68;01:08:00;0;0;0;0;0;0;0;
69;01:09:00;0;0;0;0;0;0;0;
70;01:10:00;0;0;0;0;0;0;0;
71;01:11:00;0;0;0;0;0;0;0;
72;01:12:00;0;0;0;0;0;0;0;
73;01:13:00;0;0;0;0;0;0;0;
74;01:14:00;0;0;0;0;0;0;0;
75;01:15:00;0;0;0;0;0;0;0;
76;01:16:00;0;0;0;0;0;0;0;
77;01:17:00;0;0;0;0;0;0;0;
78;01:18:00;0;0;0;0;0;0;0;
79;01:19:00;0;0;0;0;0;0;0;
80;01:20:00;0;0;0;0;0;0;0;
81;01:21:00;0;0;0;0;0;0;0;
82;01:22:00;0;0;0;0;0;0;0;
83;01:23:00;0;0;0;0;0;0;0;
84;01:24:00;0;0;0;0;0;0;0;
85;01:25:00;0;0;0;0;0;0;0;
86;01:26:00;0;0;0;0;0;0;0;
87;01:27:00;0;0;0;0;0;0;0;
88;01:28:00;0;0;0;0;0;0;0;
89;01:29:00;0;0;0;0;0;0;0;
90;01:30:00;0;0;0;0;0;0;0;
91;01:31:00;0;0;0;0;0;0;0;
92;01:32:00;0;0;0;0;0;0;0;
93;01:33:00;0;0;0;0;0;0;0;
94;01:34:00;0;0;0;0;0;0;0;
95;01:35:00;0;0;0;0;0;0;0;
96;01:36:00;0;0;0;0;0;0;0;
97;01:37:00;0;0;0;0;0;0;0;
98;01:38:00;0;0;0;0;0;0;0;
99;01:39:00;0;0;0;0;0;0;0;
100;01:40:00;0;0;0;0;0;0;0;
101;01:41:00;0;0;0;0;0;0;0;
102;01:42:00;0;0;0;0;0;0;0;
103;01:43:00;0;0;0;0;0;0;0;
104;01:44:00;0;0;0;0;0;0;0;
105;01:45:00;0;0;0;0;0;0;0;
106;01:46:00;0;0;0;0;0;0;0;
107;01:47:00;0;0;0;0;0;0;0;
108;01:48:00;0;0;0;0;0;0;0;
109;01:49:00;0;0;0;0;0;0;0;
110;01:50:00;0;0;0;0;0;0;0;
111;01:51:00;0;0;0;0;0;0;0;
112;01:52:00;0;0;0;0;0;0;0;
113;01:53:00;0;0;0;0;0;0;0;
114;01:54:00;0;0;0;0;0;0;0;
115;01:55:00;0;0;0;0;0;0;0;
116;01:56:00;0;0;0;0;0;0;0;
117;01:57:00;0;0;0;0;0;0;0;
118;01:58:00;0;0;0;0;0;0;0;
119;01:59:00;0;0;0;0;0;0;0;
120;02:00:00;0;0;0;0;0;0;0;
121;02:01:00;0;0;0;0;0;0;0;
122;02:02:00;0;0;0;0;0;0;0;
123;02:03:00;0;0;0;0;0;0;0;
124;02:04:00;0;0;0;0;0;0;0;
125;02:05:00;0;0;0;0;0;0;0;
126;02:06:00;0;0;0;0;0;0;0;
127;02:07:00;0;0;0;0;0;0;0;
128;02:08:00;0;0;0;0;0;0;0;
129;02:09:00;0;0;0;0;0;0;0;
130;02:10:00;0;0;0;0;0;0;0;
131;02:11:00;0;0;0;0;0;0;0;
132;02:12:00;0;0;0;0;0;0;0;
133;02:13:00;0;0;0;0;0;0;0;
134;02:14:00;0;0;0;0;0;0;0;
135;02:15:00;0;0;0;0;0;0;0;
136;02:16:00;0;0;0;0;0;0;0;
137;02:17:00;0;0;0;0;0;0;0;
138;02:18:00;0;0;0;0;0;0;0;
139;02:19:00;0;0;0;0;0;0;0;
140;02:20:00;0;0;0;0;0;0;0;
141;02:21:00;0;0;0;0;0;0;0;
142;02:22:00;0;0;0;0;0;0;0;
143;02:23:00;0;0;0;0;0;0;0;
144;02:24:00;0;0;0;0;0;0;0;
145;02:25:00;0;0;0;0;0;0;0;
146;02:26:00;0;0;0;0;0;0;0;
147;02:27:00;0;0;0;0;0;0;0;
148;02:28:00;0;0;0;0;0;0;0;
149;02:29:00;0;0;0;0;0;0;0;
150;02:30:00;0;0;0;0;0;0;0;
151;02:31:00;0;0;0;0;0;0;0;
152;02:32:00;0;0;0;0;0;0;0;
153;02:33:00;0;0;0;0;0;0;0;
154;02:34:00;0;0;0;0;0;0;0;
155;02:35:00;0;0;0;0;0;0;0;
156;02:36:00;0;0;0;0;0;0;0;
157;02:37:00;0;0;0;0;0;0;0;
158;02:38:00;0;0;0;0;0;0;0;
159;02:39:00;0;0;0;0;0;0;0;
160;02:40:00;0;0;0;0;0;0;0;
161;02:41:00;0;0;0;0;0;0;0;
162;02:42:00;0;0;0;0;0;0;0;
163;02:43:00;0;0;0;0;0;0;0;
164;02:44:00;0;0;0;0;0;0;0;
165;02:45:00;0;0;0;0;0;0;0;
166;02:46:00;0;0;0;0;0;0;0;
167;02:47:00;0;0;0;0;0;0;0;
168;02:48:00;0;0;0;0;0;0;0;
169;02:49:00;0;0;0;0;0;0;0;
170;02:50:00;0;0;0;0;0;0;0;
171;02:51:00;0;0;0;0;0;0;0;
172;02:52:00;0;0;0;0;0;0;0;
173;02:53:00;0;0;0;0;0;0;0;
174;02:54:00;0;0;0;0;0;0;0;
175;02:55:00;0;0;0;0;0;0;0;
176;02:56:00;0;0;0;0;0;0;0;
177;02:57:00;0;0;0;0;0;0;0;
178;02:58:00;0;0;0;0;0;0;0;
179;02:59:00;0;0;0;0;0;0;1;
180;03:00:00;0;0;0;0;0;0;1;
181;03:01:00;0;0;0;0;0;0;0;
182;03:02:00;0;0;0;0;0;0;0;
183;03:03:00;0;0;0;0;0;0;0;
184;03:04:00;0;0;0;0;0;0;0;
185;03:05:00;0;0;0;0;0;0;0;
186;03:06:00;0;0;0;0;0;0;0;
187;03:07:00;0;0;0;0;0;0;0;
188;03:08:00;0;0;0;0;0;0;0;
189;03:09:00;0;0;0;0;0;0;0;
190;03:10:00;0;0;0;0;0;0;0;
191;03:11:00;0;0;0;0;0;0;0;
192;03:12:00;0;0;0;0;0;0;0;
193;03:13:00;0;0;0;0;0;0;0;
194;03:14:00;0;0;0;0;0;0;0;
195;03:15:00;0;0;0;0;0;0;0;
196;03:16:00;0;0;0;0;0;0;0;
197;03:17:00;0;0;0;0;0;0;0;
198;03:18:00;0;0;0;0;0;0;0;
199;03:19:00;0;0;0;0;0;0;0;
200;03:20:00;0;0;0;0;0;0;0;
201;03:21:00;0;0;0;0;0;0;0;
202;03:22:00;0;0;0;0;0;0;0;
203;03:23:00;0;0;0;0;0;0;0;
204;03:24:00;0;0;0;0;0;0;0;
205;03:25:00;0;0;0;0;0;0;0;
206;03:26:00;0;0;0;0;0;0;0;
207;03:27:00;0;0;0;0;0;0;0;
208;03:28:00;0;0;0;0;0;0;0;
209;03:29:00;0;0;0;0;0;0;0;
210;03:30:00;0;0;0;0;0;0;0;
211;03:31:00;0;0;0;0;0;0;0;
212;03:32:00;0;0;0;0;0;0;0;
213;03:33:00;0;0;0;0;0;0;0;
214;03:34:00;0;0;0;0;0;0;0;
215;03:35:00;0;0;0;0;0;0;0;
216;03:36:00;0;0;0;0;0;0;0;
217;03:37:00;0;0;0;0;0;0;0;
218;03:38:00;0;0;0;0;0;0;0;
219;03:39:00;0;0;0;0;0;0;0;
220;03:40:00;0;0;0;0;0;0;0;
221;03:41:00;0;0;0;0;0;0;0;
222;03:42:00;0;0;0;0;0;0;0;
223;03:43:00;0;0;0;0;0;0;0;
224;03:44:00;0;0;0;0;0;0;0;
225;03:45:00;0;0;0;0;0;0;0;
226;03:46:00;0;0;0;0;0;0;0;
227;03:47:00;0;0;0;0;0;0;0;
228;03:48:00;0;0;0;0;0;0;0;
229;03:49:00;0;0;0;0;0;0;0;
230;03:50:00;0;0;0;0;0;0;0;
231;03:51:00;0;0;0;0;0;0;0;
232;03:52:00;0;0;0;0;0;0;0;
233;03:53:00;0;0;0;0;0;0;0;
234;03:54:00;0;0;0;0;0;0;0;
235;03:55:00;0;0;0;0;0;0;0;
236;03:56:00;0;0;0;0;0;0;0;
237;03:57:00;0;0;0;0;0;0;0;
238;03:58:00;0;0;0;0;0;0;0;
239;03:59:00;0;0;0;0;0;0;0;
240;04:00:00;0;0;0;0;0;0;0;
241;04:01:00;0;0;0;0;0;0;0;
242;04:02:00;0;0;0;0;0;0;0;
243;04:03:00;0;0;0;0;0;0;0;
244;04:04:00;0;0;0;0;0;0;0;
245;04:05:00;0;0;0;0;0;0;0;
246;04:06:00;0;0;0;0;0;0;0;
247;04:07:00;0;0;0;0;0;0;0;
248;04:08:00;0;0;0;0;0;0;0;
249;04:09:00;0;0;0;0;0;0;0;
250;04:10:00;0;0;0;0;0;0;0;
251;04:11:00;0;0;0;0;0;0;0;
252;04:12:00;0;0;0;0;0;0;0;
253;04:13:00;0;0;0;0;0;0;0;
254;04:14:00;0;0;0;0;0;0;0;
255;04:15:00;0;0;0;0;0;0;0;
256;04:16:00;0;0;0;0;0;0;0;
257;04:17:00;0;0;0;0;0;0;0;
258;04:18:00;0;0;0;0;0;0;0;
259;04:19:00;0;0;0;0;0;0;0;
260;04:20:00;0;0;0;0;0;0;0;
261;04:21:00;0;0;0;0;0;0;0;
262;04:22:00;0;0;0;0;0;0;0;
263;04:23:00;0;0;0;0;0;0;0;
264;04:24:00;0;0;0;0;0;0;0;
265;04:25:00;0;0;0;0;0;0;0;
266;04:26:00;0;0;0;0;0;0;0;
267;04:27:00;0;0;0;0;0;0;0;
268;04:28:00;0;0;0;0;0;0;0;
269;04:29:00;0;0;0;0;0;0;0;
270;04:30:00;0;0;0;0;0;0;0;
271;04:31:00;0;0;0;0;0;0;0;
272;04:32:00;0;0;0;0;0;0;0;
273;04:33:00;0;0;0;0;0;0;0;
274;04:34:00;0;0;0;0;0;0;0;
275;04:35:00;0;0;0;0;0;0;0;
276;04:36:00;0;0;0;0;0;0;0;
277;04:37:00;0;0;0;0;0;0;0;
278;04:38:00;0;0;0;0;0;0;0;
279;04:39:00;0;0;0;0;0;0;0;
280;04:40:00;0;0;0;0;0;0;0;
281;04:41:00;0;0;0;0;0;0;0;
282;04:42:00;0;0;0;0;0;0;0;
283;04:43:00;0;0;0;0;0;0;0;
284;04:44:00;0;0;0;0;0;0;0;
285;04:45:00;0;0;0;0;0;0;0;
286;04:46:00;0;0;0;0;0;0;0;
287;04:47:00;0;0;0;0;0;0;0;
288;04:48:00;0;0;0;0;0;0;0;
289;04:49:00;0;0;0;0;0;0;0;
290;04:50:00;0;0;0;0;0;0;0;
291;04:51:00;0;0;0;0;0;0;0;
292;04:52:00;0;0;0;0;0;0;0;
293;04:53:00;0;0;0;0;0;0;0;
294;04:54:00;0;0;0;0;0;0;0;
295;04:55:00;0;0;0;0;0;0;0;
296;04:56:00;0;0;0;0;0;0;0;
297;04:57:00;0;0;0;0;0;0;0;
298;04:58:00;0;0;0;0;0;0;0;
299;04:59:00;0;0;0;0;0;0;0;
300;05:00:00;0;0;0;0;0;0;0;
301;05:01:00;0;0;0;0;0;0;0;
302;05:02:00;0;0;0;0;0;0;0;
303;05:03:00;0;0;0;0;0;0;0;
304;05:04:00;0;0;0;0;0;0;0;
305;05:05:00;0;0;0;0;0;0;0;
306;05:06:00;0;0;0;0;0;0;0;
307;05:07:00;0;0;0;0;0;0;0;
308;05:08:00;0;0;0;0;0;0;0;
309;05:09:00;0;0;0;0;0;0;0;
310;05:10:00;0;0;0;0;0;0;0;
311;05:11:00;0;0;0;0;0;0;0;
312;05:12:00;0;0;0;0;0;0;0;
313;05:13:00;0;0;0;0;0;0;0;
314;05:14:00;0;0;0;0;0;0;0;
315;05:15:00;0;0;0;0;0;0;0;
316;05:16:00;0;0;0;0;0;0;0;
317;05:17:00;0;0;0;0;0;0;0;
318;05:18:00;0;0;0;0;0;0;0;
319;05:19:00;0;0;0;0;0;0;0;
320;05:20:00;0;0;0;0;0;0;0;
321;05:21:00;0;0;0;0;0;0;0;
322;05:22:00;0;0;0;0;0;0;0;
323;05:23:00;0;0;0;0;0;0;0;
324;05:24:00;0;0;0;0;0;0;0;
325;05:25:00;0;0;0;0;0;0;0;
326;05:26:00;0;0;0;0;0;0;0;
327;05:27:00;0;0;0;0;0;0;0;
328;05:28:00;0;0;0;0;0;0;0;
329;05:29:00;0;0;0;0;0;0;0;
330;05:30:00;0;0;0;0;0;0;0;
331;05:31:00;0;0;0;0;0;0;0;
332;05:32:00;0;0;0;0;0;0;0;
333;05:33:00;0;0;0;0;0;0;0;
334;05:34:00;0;0;0;0;0;0;0;
335;05:35:00;0;0;0;0;0;0;0;
336;05:36:00;0;0;0;0;0;0;0;
337;05:37:00;0;0;0;0;0;0;0;
338;05:38:00;0;0;0;0;0;0;0;
339;05:39:00;0;0;0;0;0;0;0;
340;05:40:00;0;0;0;0;0;0;0;
341;05:41:00;0;0;0;0;0;0;0;
342;05:42:00;0;0;0;0;0;0;0;
343;05:43:00;0;0;0;0;0;0;0;
344;05:44:00;0;0;0;0;0;0;0;
345;05:45:00;0;0;0;0;0;0;0;
346;05:46:00;0;0;0;0;0;0;0;
347;05:47:00;0;0;0;0;0;0;0;
348;05:48:00;0;0;0;0;0;0;0;
349;05:49:00;0;0;0;0;0;0;0;
350;05:50:00;0;0;0;0;0;0;0;
351;05:51:00;0;0;0;0;0;0;0;
352;05:52:00;0;0;0;0;0;0;0;
353;05:53:00;0;0;0;0;0;0;0;
354;05:54:00;0;0;0;0;0;0;0;
355;05:55:00;0;0;0;0;0;0;0;
356;05:56:00;0;0;0;0;0;0;0;
357;05:57:00;0;0;0;0;0;0;0;
358;05:58:00;0;0;0;0;0;0;0;
359;05:59:00;0;0;0;0;0;0;1;
360;06:00:00;0;0;0;0;0;0;1;
361;06:01:00;0;0;0;0;0;0;0;
362;06:02:00;0;0;0;0;0;0;0;
363;06:03:00;0;0;0;0;0;0;0;
364;06:04:00;0;0;0;0;0;0;0;
365;06:05:00;0;0;0;0;0;0;0;
366;06:06:00;0;0;0;0;0;0;0;
367;06:07:00;0;0;0;0;0;0;0;
368;06:08:00;0;0;0;0;0;0;0;
369;06:09:00;0;0;0;0;0;0;0;
370;06:10:00;0;0;0;0;0;0;0;
371;06:11:00;0;0;0;0;0;0;0;
372;06:12:00;0;0;0;0;0;0;0;
373;06:13:00;0;0;0;0;0;0;0;
374;06:14:00;0;0;0;0;0;0;0;
375;06:15:00;0;0;0;0;0;0;0;
376;06:16:00;0;0;0;0;0;0;0;
377;06:17:00;0;0;0;0;0;0;0;
378;06:18:00;0;0;0;0;0;0;0;
379;06:19:00;0;0;0;0;0;0;0;
380;06:20:00;0;0;0;0;0;0;0;
381;06:21:00;0;0;0;0;0;0;0;
382;06:22:00;0;0;0;0;0;0;0;
383;06:23:00;0;0;0;0;0;0;0;
384;06:24:00;0;0;0;0;0;0;0;
385;06:25:00;0;0;0;0;0;0;0;
386;06:26:00;0;0;0;0;0;0;0;
387;06:27:00;0;0;0;0;0;0;1;
388;06:28:00;0;0;0;0;0;0;1;
389;06:29:00;0;0;0;0;0;0;0;
390;06:30:00;0;0;0;0;0;0;0;
391;06:31:00;0;0;0;0;0;0;0;
392;06:32:00;0;0;0;0;0;0;0;
393;06:33:00;0;0;0;0;0;0;0;
394;06:34:00;0;0;0;0;0;0;0;
395;06:35:00;0;0;0;0;0;0;0;
396;06:36:00;0;0;0;0;0;0;0;
397;06:37:00;0;0;0;0;0;0;0;
398;06:38:00;0;0;0;0;0;0;0;
399;06:39:00;0;0;0;0;0;0;0;
400;06:40:00;0;0;0;0;0;0;0;
401;06:41:00;0;0;0;0;0;0;0;
402;06:42:00;0;0;0;0;0;0;0;
403;06:43:00;0;0;0;0;0;0;0;
404;06:44:00;0;0;0;0;0;0;0;
405;06:45:00;0;0;0;0;0;0;0;
406;06:46:00;0;0;0;0;0;0;0;
407;06:47:00;0;0;0;0;0;0;0;
408;06:48:00;0;0;0;0;0;0;0;
409;06:49:00;0;0;0;0;0;0;0;
410;06:50:00;0;0;0;0;0;0;0;
411;06:51:00;0;0;0;0;0;0;0;
412;06:52:00;0;0;0;0;0;0;0;
413;06:53:00;0;0;0;0;0;0;0;
414;06:54:00;0;0;0;0;0;0;0;
415;06:55:00;0;0;0;0;0;0;0;
416;06:56:00;0;0;0;0;0;0;0;
417;06:57:00;0;0;0;0;0;0;0;
418;06:58:00;0;0;0;0;0;0;1;
419;06:59:00;0;0;0;0;0;0;0;
420;07:00:00;0;0;0;0;0;0;0;
421;07:01:00;0;0;0;0;0;0;0;
422;07:02:00;0;0;0;0;0;0;0;
423;07:03:00;0;1;0;0;0;0;0;
424;07:04:00;0;0;0;0;0;0;0;
425;07:05:00;0;0;0;0;0;0;0;
426;07:06:00;0;0;0;0;0;0;0;
427;07:07:00;0;0;0;0;0;0;0;
428;07:08:00;0;0;0;0;0;0;0;
429;07:09:00;0;0;0;0;0;0;0;
430;07:10:00;0;0;0;0;0;0;0;
431;07:11:00;0;0;0;0;0;0;1;
432;07:12:00;0;0;0;0;0;0;1;
433;07:13:00;0;0;0;0;0;0;0;
434;07:14:00;0;0;0;0;0;0;0;
435;07:15:00;0;0;0;0;0;0;0;
436;07:16:00;0;0;0;0;0;0;0;
437;07:17:00;0;1;0;0;0;0;1;
438;07:18:00;0;1;0;0;0;0;0;
439;07:19:00;0;0;0;0;0;0;0;
440;07:20:00;0;0;0;0;0;0;0;
441;07:21:00;0;0;0;0;0;0;0;
442;07:22:00;0;0;0;0;0;0;0;
443;07:23:00;0;0;0;0;0;0;0;
444;07:24:00;0;0;0;0;0;0;0;
445;07:25:00;0;0;0;0;0;0;0;
446;07:26:00;0;0;0;0;0;0;0;
447;07:27:00;0;0;0;0;0;0;0;
448;07:28:00;0;0;0;0;0;0;0;
449;07:29:00;0;0;0;0;0;0;0;
450;07:30:00;0;0;0;0;0;0;0;
451;07:31:00;0;0;0;0;0;0;0;
452;07:32:00;0;0;0;0;0;0;0;
453;07:33:00;0;0;0;0;0;0;0;
454;07:34:00;0;0;0;0;0;0;0;
455;07:35:00;0;0;0;0;0;0;0;
456;07:36:00;0;0;0;0;0;0;0;
457;07:37:00;0;0;0;0;0;0;0;
458;07:38:00;0;0;0;0;0;0;0;
459;07:39:00;0;0;0;0;0;0;0;
460;07:40:00;0;0;0;0;0;0;0;
461;07:41:00;0;0;0;0;0;0;0;
462;07:42:00;0;0;0;0;0;0;0;
463;07:43:00;0;0;0;0;0;0;0;
464;07:44:00;0;0;0;0;0;0;0;
465;07:45:00;0;0;0;0;0;0;0;
466;07:46:00;0;0;0;0;0;0;0;
467;07:47:00;0;0;0;0;0;0;0;
468;07:48:00;0;0;0;0;0;0;0;
469;07:49:00;0;0;0;0;0;0;0;
470;07:50:00;0;0;0;0;0;0;0;
471;07:51:00;0;1;0;0;0;0;0;
472;07:52:00;0;1;0;0;0;0;0;
473;07:53:00;0;0;0;0;0;0;0;
474;07:54:00;0;0;0;0;0;0;0;
475;07:55:00;0;0;0;0;0;0;0;
476;07:56:00;0;0;0;0;0;0;0;
477;07:57:00;0;0;0;0;0;0;0;
478;07:58:00;0;0;0;0;0;0;0;
479;07:59:00;0;0;0;0;0;0;0;
480;08:00:00;0;0;0;0;0;0;0;
481;08:01:00;0;0;0;0;0;0;0;
482;08:02:00;0;0;0;0;0;0;0;
483;08:03:00;0;0;0;0;0;0;0;
484;08:04:00;0;0;0;0;0;0;0;
485;08:05:00;0;0;0;0;0;0;0;
486;08:06:00;0;0;0;0;0;0;0;
487;08:07:00;0;0;0;0;0;0;0;
488;08:08:00;0;0;0;0;0;0;0;
489;08:09:00;0;0;0;0;0;0;0;
490;08:10:00;0;0;0;0;0;0;0;
491;08:11:00;0;0;0;0;0;0;0;
492;08:12:00;0;0;0;0;0;0;0;
493;08:13:00;0;0;0;0;0;0;0;
494;08:14:00;0;0;0;0;0;0;0;
495;08:15:00;0;0;0;0;0;0;0;
496;08:16:00;0;0;0;0;0;0;0;
497;08:17:00;0;0;0;0;0;0;0;
498;08:18:00;0;0;0;0;0;0;0;
499;08:19:00;0;0;0;0;0;0;0;
500;08:20:00;0;0;0;0;0;0;0;
501;08:21:00;0;0;0;0;0;0;0;
502;08:22:00;0;0;0;0;0;0;0;
503;08:23:00;0;0;0;0;0;0;0;
504;08:24:00;0;0;0;0;0;0;0;
505;08:25:00;0;0;0;0;0;0;0;
506;08:26:00;0;0;0;0;0;0;0;
507;08:27:00;0;0;0;0;0;0;0;
508;08:28:00;0;0;0;0;0;0;0;
509;08:29:00;0;0;0;0;0;0;0;
510;08:30:00;0;0;0;0;0;0;0;
511;08:31:00;0;0;0;0;0;0;0;
512;08:32:00;0;0;0;0;0;0;0;
513;08:33:00;0;0;0;0;0;0;0;
514;08:34:00;0;0;0;0;0;0;0;
515;08:35:00;0;0;0;0;0;0;0;
516;08:36:00;0;0;0;0;0;0;0;
517;08:37:00;0;0;0;0;0;0;0;
518;08:38:00;0;0;0;0;0;0;0;
519;08:39:00;0;0;0;0;0;0;0;
520;08:40:00;0;0;0;0;0;0;0;
521;08:41:00;0;0;0;0;0;0;0;
522;08:42:00;0;0;0;0;0;0;0;
523;08:43:00;0;0;0;0;0;0;0;
524;08:44:00;0;0;0;0;0;0;0;
525;08:45:00;0;0;0;0;0;0;0;
526;08:46:00;0;0;0;0;0;0;0;
527;08:47:00;0;0;0;0;0;0;0;
528;08:48:00;0;0;0;0;0;0;0;
529;08:49:00;0;0;0;0;0;0;0;
530;08:50:00;0;0;0;0;0;0;0;
531;08:51:00;0;0;0;0;0;0;0;
532;08:52:00;0;0;0;0;0;0;0;
533;08:53:00;0;0;0;0;0;0;0;
534;08:54:00;0;0;0;0;0;0;0;
535;08:55:00;0;0;0;0;0;0;0;
536;08:56:00;0;0;0;0;0;0;0;
537;08:57:00;0;0;0;0;0;0;0;
538;08:58:00;0;0;0;0;0;0;0;
539;08:59:00;0;0;0;0;0;0;0;
540;09:00:00;0;0;0;0;0;0;0;
541;09:01:00;0;0;0;0;0;0;0;
542;09:02:00;0;0;0;0;0;0;0;
543;09:03:00;0;0;0;0;0;0;0;
544;09:04:00;0;0;0;0;0;0;0;
545;09:05:00;0;0;0;0;0;0;0;
546;09:06:00;0;0;0;0;0;0;0;
547;09:07:00;0;0;0;0;0;0;0;
548;09:08:00;0;0;0;0;0;0;0;
549;09:09:00;0;0;0;0;0;0;0;
550;09:10:00;0;0;0;0;0;0;0;
551;09:11:00;0;0;0;0;0;0;0;
552;09:12:00;0;0;0;0;0;0;0;
553;09:13:00;0;0;0;0;0;0;0;
554;09:14:00;0;0;0;0;0;0;0;
555;09:15:00;0;0;0;0;0;0;0;
556;09:16:00;0;0;0;0;0;0;0;
557;09:17:00;0;0;0;0;0;0;0;
558;09:18:00;0;0;0;0;0;0;0;
559;09:19:00;0;0;0;0;0;0;0;
560;09:20:00;0;0;0;0;0;0;0;
561;09:21:00;0;0;0;0;0;0;0;
562;09:22:00;0;0;0;0;0;0;0;
563;09:23:00;0;0;0;0;0;0;0;
564;09:24:00;0;0;0;0;0;0;0;
565;09:25:00;0;0;0;0;0;0;0;
566;09:26:00;0;0;0;0;0;0;0;
567;09:27:00;0;0;0;0;0;0;0;
568;09:28:00;0;0;0;0;0;0;0;
569;09:29:00;0;0;0;0;0;0;0;
570;09:30:00;0;0;0;0;0;0;0;
571;09:31:00;0;0;0;0;0;0;0;
572;09:32:00;0;0;0;0;0;0;0;
573;09:33:00;0;0;0;0;0;0;0;
574;09:34:00;0;0;0;0;0;0;0;
575;09:35:00;0;0;0;0;0;0;0;
576;09:36:00;0;0;0;0;0;0;0;
577;09:37:00;0;0;0;0;0;0;0;
578;09:38:00;0;0;0;0;0;0;0;
579;09:39:00;0;0;0;0;0;0;0;
580;09:40:00;0;0;0;0;0;0;0;
581;09:41:00;0;0;0;0;0;0;0;
582;09:42:00;0;0;0;0;0;0;0;
583;09:43:00;0;0;0;0;0;0;0;
584;09:44:00;0;0;0;0;0;0;0;
585;09:45:00;0;0;0;0;0;0;0;
586;09:46:00;0;0;0;0;0;0;0;
587;09:47:00;0;0;0;0;0;0;0;
588;09:48:00;0;0;0;0;0;0;0;
589;09:49:00;0;0;0;0;0;0;0;
590;09:50:00;0;0;0;0;0;0;0;
591;09:51:00;0;0;0;0;0;0;0;
592;09:52:00;0;0;0;0;0;0;0;
593;09:53:00;0;0;0;0;0;0;0;
594;09:54:00;0;0;0;0;0;0;0;
595;09:55:00;0;0;0;0;0;0;0;
596;09:56:00;0;0;0;0;0;0;0;
597;09:57:00;0;0;0;0;0;0;0;
598;09:58:00;0;0;0;0;0;0;0;
599;09:59:00;0;0;0;0;0;0;0;
600;10:00:00;0;0;0;0;0;0;0;
601;10:01:00;0;0;0;0;0;0;0;
602;10:02:00;0;0;0;0;0;0;0;
603;10:03:00;0;0;0;0;0;0;0;
604;10:04:00;0;0;0;0;0;0;0;
605;10:05:00;0;0;0;0;0;0;0;
606;10:06:00;0;0;0;0;0;0;0;
607;10:07:00;0;0;0;0;0;0;0;
608;10:08:00;0;0;0;0;0;0;0;
609;10:09:00;0;0;0;0;0;0;0;
610;10:10:00;0;0;0;0;0;0;0;
611;10:11:00;0;0;0;0;0;0;0;
612;10:12:00;0;0;0;0;0;0;0;
613;10:13:00;0;0;0;0;0;0;0;
614;10:14:00;0;0;0;0;0;0;0;
615;10:15:00;0;0;0;0;0;0;0;
616;10:16:00;0;0;0;0;0;0;0;
617;10:17:00;0;0;0;0;0;0;0;
618;10:18:00;0;0;0;0;0;0;0;
619;10:19:00;0;0;0;0;0;0;0;
620;10:20:00;0;0;0;0;0;0;0;
621;10:21:00;0;0;0;0;0;0;0;
622;10:22:00;0;0;0;0;0;0;0;
623;10:23:00;0;0;0;0;0;0;0;
624;10:24:00;0;0;0;0;0;0;0;
625;10:25:00;0;0;0;0;0;0;0;
626;10:26:00;0;0;0;0;0;0;0;
627;10:27:00;0;0;0;0;0;0;0;
628;10:28:00;0;0;0;0;0;0;0;
629;10:29:00;0;0;0;0;0;0;0;
630;10:30:00;0;0;0;0;0;0;0;
631;10:31:00;0;0;0;0;0;0;0;
632;10:32:00;0;0;0;0;0;0;0;
633;10:33:00;0;0;0;0;0;0;0;
634;10:34:00;0;0;0;0;0;0;0;
635;10:35:00;0;0;0;0;0;0;0;
636;10:36:00;0;0;0;0;0;0;0;
637;10:37:00;0;0;0;0;0;0;0;
638;10:38:00;0;0;0;0;0;0;0;
639;10:39:00;0;0;0;0;0;0;0;
640;10:40:00;0;0;0;0;0;0;0;
641;10:41:00;0;0;0;0;0;0;0;
642;10:42:00;0;0;0;0;0;0;0;
643;10:43:00;0;0;0;0;0;0;0;
644;10:44:00;0;0;0;0;0;0;0;
645;10:45:00;0;0;0;0;0;0;0;
646;10:46:00;0;0;0;0;0;0;0;
647;10:47:00;0;0;0;0;0;0;0;
648;10:48:00;0;0;0;0;0;0;0;
649;10:49:00;0;0;0;0;0;0;0;
650;10:50:00;0;0;0;0;0;0;0;
651;10:51:00;0;0;0;0;0;0;0;
652;10:52:00;0;0;0;0;0;0;0;
653;10:53:00;0;0;0;0;0;0;0;
654;10:54:00;0;0;0;0;0;0;0;
655;10:55:00;0;0;0;0;0;0;0;
656;10:56:00;0;0;0;0;0;0;0;
657;10:57:00;0;0;0;0;0;0;0;
658;10:58:00;0;0;0;0;0;0;0;
659;10:59:00;0;0;0;0;0;0;0;
660;11:00:00;0;0;0;0;0;0;0;
661;11:01:00;0;0;0;0;0;0;0;
662;11:02:00;0;0;0;0;0;0;0;
663;11:03:00;0;0;0;0;0;0;0;
664;11:04:00;0;0;0;0;0;0;0;
665;11:05:00;0;0;0;0;0;0;0;
666;11:06:00;0;0;0;0;0;0;0;
667;11:07:00;0;0;0;0;0;0;0;
668;11:08:00;0;0;0;0;0;0;0;
669;11:09:00;0;0;0;0;0;0;0;
670;11:10:00;0;0;0;0;0;0;0;
671;11:11:00;0;0;0;0;0;0;0;
672;11:12:00;0;0;0;0;0;0;0;
673;11:13:00;0;0;0;0;0;0;0;
674;11:14:00;0;0;0;0;0;0;0;
675;11:15:00;0;0;0;0;0;0;0;
676;11:16:00;0;0;0;0;0;0;0;
677;11:17:00;0;0;0;0;0;0;0;
678;11:18:00;0;0;0;0;0;0;0;
679;11:19:00;0;0;0;0;0;0;0;
680;11:20:00;0;0;0;0;0;0;0;
681;11:21:00;0;0;0;0;0;0;0;
682;11:22:00;0;0;0;0;0;0;0;
683;11:23:00;0;0;0;0;0;0;0;
684;11:24:00;0;0;0;0;0;0;0;
685;11:25:00;0;0;0;0;0;0;0;
686;11:26:00;0;0;0;0;0;0;0;
687;11:27:00;0;0;0;0;0;0;0;
688;11:28:00;0;0;0;0;0;0;0;
689;11:29:00;0;0;0;0;0;0;0;
690;11:30:00;0;0;0;0;0;0;0;
691;11:31:00;0;0;0;0;0;0;0;
692;11:32:00;0;0;0;0;0;0;0;
693;11:33:00;0;0;0;0;0;0;0;
694;11:34:00;0;0;0;0;0;0;0;
695;11:35:00;0;0;0;0;0;0;0;
696;11:36:00;0;0;0;0;0;0;0;
697;11:37:00;0;0;0;0;0;0;0;
698;11:38:00;0;0;0;0;0;0;0;
699;11:39:00;0;0;0;0;0;0;0;
700;11:40:00;0;0;0;0;0;0;0;
701;11:41:00;0;0;0;0;0;0;0;
702;11:42:00;0;0;0;0;0;0;0;
703;11:43:00;0;0;0;0;0;0;0;
704;11:44:00;0;0;0;0;0;0;0;
705;11:45:00;0;0;0;0;0;0;0;
706;11:46:00;0;0;0;0;0;0;0;
707;11:47:00;0;0;0;0;0;0;0;
708;11:48:00;0;0;0;0;0;0;0;
709;11:49:00;0;0;0;0;0;0;0;
710;11:50:00;0;0;0;0;0;0;0;
711;11:51:00;0;0;0;0;0;0;0;
712;11:52:00;0;0;0;0;0;0;0;
713;11:53:00;0;0;0;0;0;0;0;
714;11:54:00;0;0;0;0;0;0;0;
715;11:55:00;0;0;0;0;0;0;0;
716;11:56:00;0;0;0;0;0;0;0;
717;11:57:00;0;0;0;0;0;0;0;
718;11:58:00;0;0;0;0;0;0;0;
719;11:59:00;0;0;0;0;0;0;0;
720;12:00:00;0;0;0;0;0;0;0;
721;12:01:00;0;0;0;0;0;0;0;
722;12:02:00;0;0;0;0;0;0;0;
723;12:03:00;0;0;0;0;0;0;0;
724;12:04:00;0;0;0;0;0;0;0;
725;12:05:00;0;0;0;0;0;0;0;
726;12:06:00;0;0;0;0;0;0;0;
727;12:07:00;0;0;0;0;0;0;0;
728;12:08:00;0;0;0;0;0;0;0;
729;12:09:00;0;0;0;0;0;0;0;
730;12:10:00;0;0;0;0;0;0;0;
731;12:11:00;0;0;0;0;0;0;0;
732;12:12:00;0;0;0;0;0;0;0;
733;12:13:00;0;0;0;0;0;0;0;
734;12:14:00;0;0;0;0;0;0;0;
735;12:15:00;0;0;0;0;0;0;0;
736;12:16:00;0;0;0;0;0;0;0;
737;12:17:00;0;0;0;0;0;0;0;
738;12:18:00;0;0;0;0;0;0;0;
739;12:19:00;0;0;0;0;0;0;0;
740;12:20:00;0;0;0;0;0;0;0;
741;12:21:00;0;0;0;0;0;0;0;
742;12:22:00;0;0;0;0;0;0;0;
743;12:23:00;0;0;0;0;0;0;0;
744;12:24:00;0;0;0;0;0;0;0;
745;12:25:00;0;0;0;0;0;0;0;
746;12:26:00;0;0;0;0;0;0;0;
747;12:27:00;0;0;0;0;0;0;0;
748;12:28:00;0;0;0;0;0;0;0;
749;12:29:00;0;0;0;0;0;0;0;
750;12:30:00;0;0;0;0;0;0;0;
751;12:31:00;0;0;0;0;0;0;0;
752;12:32:00;0;0;0;0;0;0;0;
753;12:33:00;0;0;0;0;0;0;0;
754;12:34:00;0;0;0;0;0;0;0;
755;12:35:00;0;0;0;0;0;0;0;
756;12:36:00;0;0;0;0;0;0;0;
757;12:37:00;0;0;0;0;0;0;0;
758;12:38:00;0;0;0;0;0;0;0;
759;12:39:00;0;0;0;0;0;0;0;
760;12:40:00;0;0;0;0;0;0;0;
761;12:41:00;0;0;0;0;0;0;0;
762;12:42:00;0;0;0;0;0;0;0;
763;12:43:00;0;0;0;0;0;0;0;
764;12:44:00;0;0;0;0;0;0;0;
765;12:45:00;0;0;0;0;0;0;0;
766;12:46:00;0;0;0;0;0;0;0;
767;12:47:00;0;0;0;0;0;0;0;
768;12:48:00;0;0;0;0;0;0;0;
769;12:49:00;0;0;0;0;0;0;0;
770;12:50:00;0;0;0;0;0;0;0;
771;12:51:00;0;0;0;0;0;0;0;
772;12:52:00;0;0;0;0;0;0;0;
773;12:53:00;0;0;0;0;0;0;0;
774;12:54:00;0;0;0;0;0;0;0;
775;12:55:00;0;0;0;0;0;0;0;
776;12:56:00;0;0;0;0;0;0;0;
777;12:57:00;0;0;0;0;0;0;0;
778;12:58:00;0;0;0;0;0;0;0;
779;12:59:00;0;0;0;0;0;0;0;
780;13:00:00;0;0;0;0;0;0;0;
781;13:01:00;0;0;0;0;0;0;0;
782;13:02:00;0;0;0;0;0;0;0;
783;13:03:00;0;0;0;0;0;0;0;
784;13:04:00;0;0;0;0;0;0;0;
785;13:05:00;0;0;0;0;0;0;0;
786;13:06:00;0;0;0;0;0;0;0;
787;13:07:00;0;0;0;0;0;0;0;
788;13:08:00;0;0;0;0;0;0;0;
789;13:09:00;0;0;0;0;0;0;0;
790;13:10:00;0;0;0;0;0;0;0;
791;13:11:00;0;0;0;0;0;0;0;
792;13:12:00;0;0;0;0;0;0;0;
793;13:13:00;0;0;0;0;0;0;0;
794;13:14:00;0;0;0;0;0;0;0;
795;13:15:00;0;0;0;0;0;0;0;
796;13:16:00;0;0;0;0;0;0;0;
797;13:17:00;0;0;0;0;0;0;0;
798;13:18:00;0;0;0;0;0;0;0;
799;13:19:00;0;0;0;0;0;0;0;
800;13:20:00;0;0;0;0;0;0;0;
801;13:21:00;0;0;0;0;0;0;0;
802;13:22:00;0;0;0;0;0;0;0;
803;13:23:00;0;0;0;0;0;0;0;
804;13:24:00;0;0;0;0;0;0;0;
805;13:25:00;0;0;0;0;0;0;0;
806;13:26:00;0;0;0;0;0;0;0;
807;13:27:00;0;0;0;0;0;0;0;
808;13:28:00;0;0;0;0;0;0;0;
809;13:29:00;0;0;0;0;0;0;0;
810;13:30:00;0;0;0;0;0;0;0;
811;13:31:00;0;0;0;0;0;0;0;
812;13:32:00;0;0;0;0;0;0;0;
813;13:33:00;0;0;0;0;0;0;0;
814;13:34:00;0;0;0;0;0;0;0;
815;13:35:00;0;0;0;0;0;0;0;
816;13:36:00;0;0;0;0;0;0;0;
817;13:37:00;0;0;0;0;0;0;0;
818;13:38:00;0;0;0;0;0;0;0;
819;13:39:00;0;0;0;0;0;0;0;
820;13:40:00;0;0;0;0;0;0;0;
821;13:41:00;0;0;0;0;0;0;0;
822;13:42:00;0;0;0;0;0;0;0;
823;13:43:00;0;0;0;0;0;0;0;
824;13:44:00;0;0;0;0;0;0;0;
825;13:45:00;0;0;0;0;0;0;0;
826;13:46:00;0;0;0;0;0;0;0;
827;13:47:00;0;0;0;0;0;0;0;
828;13:48:00;0;0;0;0;0;0;0;
829;13:49:00;0;0;0;0;0;0;0;
830;13:50:00;0;0;0;0;0;0;0;
831;13:51:00;0;0;0;0;0;0;0;
832;13:52:00;0;0;0;0;0;0;0;
833;13:53:00;0;0;0;0;0;0;0;
834;13:54:00;0;0;0;0;0;0;0;
835;13:55:00;0;0;0;0;0;0;0;
836;13:56:00;0;0;0;0;0;0;1;
837;13:57:00;0;0;0;0;0;0;0;
838;13:58:00;0;0;0;0;0;0;0;
839;13:59:00;0;0;0;0;0;0;0;
840;14:00:00;0;0;0;0;0;0;0;
841;14:01:00;0;0;0;0;0;0;0;
842;14:02:00;0;0;0;0;0;0;0;
843;14:03:00;0;0;0;0;0;0;0;
844;14:04:00;0;0;0;0;0;0;0;
845;14:05:00;0;0;0;0;0;0;0;
846;14:06:00;0;0;0;0;0;0;0;
847;14:07:00;0;0;0;0;0;0;0;
848;14:08:00;0;0;0;0;0;0;0;
849;14:09:00;0;0;0;0;0;0;0;
850;14:10:00;0;0;0;0;0;0;0;
851;14:11:00;0;0;0;0;0;0;0;
852;14:12:00;0;0;0;0;0;0;0;
853;14:13:00;0;0;0;0;0;0;0;
854;14:14:00;0;0;0;0;0;0;0;
855;14:15:00;0;0;0;0;0;0;0;
856;14:16:00;0;0;0;0;0;0;0;
857;14:17:00;0;0;0;0;0;0;0;
858;14:18:00;0;0;0;0;0;0;0;
859;14:19:00;0;0;0;0;0;0;0;
860;14:20:00;0;0;0;0;0;0;0;
861;14:21:00;0;0;0;0;0;0;0;
862;14:22:00;0;0;0;0;0;0;0;
863;14:23:00;0;0;0;0;0;0;0;
864;14:24:00;0;0;0;0;0;0;0;
865;14:25:00;0;0;0;0;0;0;0;
866;14:26:00;0;0;0;0;0;0;0;
867;14:27:00;0;0;0;0;0;0;0;
868;14:28:00;0;0;0;0;0;0;0;
869;14:29:00;0;0;0;0;0;0;0;
870;14:30:00;0;0;0;0;0;0;0;
871;14:31:00;0;0;0;0;0;0;0;
872;14:32:00;0;0;0;0;0;0;0;
873;14:33:00;0;0;0;0;0;0;0;
874;14:34:00;0;0;0;0;0;0;0;
875;14:35:00;0;0;0;0;0;0;0;
876;14:36:00;0;0;0;0;0;0;0;
877;14:37:00;0;0;0;0;0;0;0;
878;14:38:00;0;0;0;0;0;0;0;
879;14:39:00;0;0;0;0;0;0;0;
880;14:40:00;0;0;0;0;0;0;0;
881;14:41:00;0;0;0;0;0;0;0;
882;14:42:00;0;0;0;0;0;0;0;
883;14:43:00;0;0;0;0;0;0;0;
884;14:44:00;0;0;0;0;0;0;0;
885;14:45:00;0;0;0;0;0;0;0;
886;14:46:00;0;0;0;0;0;0;0;
887;14:47:00;0;0;0;0;0;0;0;
888;14:48:00;0;0;0;0;0;0;0;
889;14:49:00;0;0;0;0;0;0;0;
890;14:50:00;0;0;0;0;0;0;0;
891;14:51:00;0;0;0;0;0;0;0;
892;14:52:00;0;0;0;0;0;0;0;
893;14:53:00;0;0;0;0;0;0;0;
894;14:54:00;0;0;0;0;0;0;0;
895;14:55:00;0;0;0;0;0;0;0;
896;14:56:00;0;0;0;0;0;0;0;
897;14:57:00;0;0;0;0;0;0;0;
898;14:58:00;0;0;0;0;0;0;0;
899;14:59:00;0;0;0;0;0;0;0;
900;15:00:00;0;0;0;0;0;0;0;
901;15:01:00;0;0;0;0;0;0;0;
902;15:02:00;0;0;0;0;0;0;0;
903;15:03:00;0;0;0;0;0;0;0;
904;15:04:00;0;0;0;0;0;0;0;
905;15:05:00;0;0;0;0;0;0;0;
906;15:06:00;0;0;0;0;0;0;0;
907;15:07:00;0;0;0;0;0;0;0;
908;15:08:00;0;0;0;0;0;0;0;
909;15:09:00;0;0;0;0;0;0;0;
910;15:10:00;0;0;0;0;0;0;0;
911;15:11:00;0;0;0;0;0;0;0;
912;15:12:00;0;0;0;0;0;0;0;
913;15:13:00;0;0;0;0;0;0;0;
914;15:14:00;0;0;0;0;0;0;0;
915;15:15:00;0;0;0;0;0;0;0;
916;15:16:00;0;0;0;0;0;0;0;
917;15:17:00;0;0;0;0;0;0;0;
918;15:18:00;0;0;0;0;0;0;0;
919;15:19:00;0;0;0;0;0;0;0;
920;15:20:00;0;0;0;0;0;0;0;
921;15:21:00;0;0;0;0;0;0;0;
922;15:22:00;0;0;0;0;0;0;0;
923;15:23:00;0;0;0;0;0;0;0;
924;15:24:00;0;0;0;0;0;0;0;
925;15:25:00;0;0;0;0;0;0;0;
926;15:26:00;0;0;0;0;0;0;0;
927;15:27:00;0;0;0;0;0;0;0;
928;15:28:00;0;0;0;0;0;0;0;
929;15:29:00;0;0;0;0;0;0;0;
930;15:30:00;0;0;0;0;0;0;0;
931;15:31:00;0;0;0;0;0;0;0;
932;15:32:00;0;0;0;0;0;0;0;
933;15:33:00;0;0;0;0;0;0;0;
934;15:34:00;0;0;0;0;0;0;0;
935;15:35:00;0;0;0;0;0;0;0;
936;15:36:00;0;0;0;0;0;0;0;
937;15:37:00;0;0;0;0;0;0;0;
938;15:38:00;0;0;0;0;0;0;0;
939;15:39:00;0;0;0;0;0;0;0;
940;15:40:00;0;0;0;0;0;0;0;
941;15:41:00;0;0;0;0;0;0;0;
942;15:42:00;0;0;0;0;0;0;0;
943;15:43:00;0;0;0;0;0;0;0;
944;15:44:00;0;0;0;0;0;0;0;
945;15:45:00;0;0;0;0;0;0;0;
946;15:46:00;0;0;0;0;0;0;0;
947;15:47:00;0;0;0;0;0;0;0;
948;15:48:00;0;0;0;0;0;0;0;
949;15:49:00;0;0;0;0;0;0;0;
950;15:50:00;0;0;0;0;0;0;0;
951;15:51:00;0;0;0;0;0;0;0;
952;15:52:00;0;0;0;0;0;0;0;
953;15:53:00;0;0;0;0;0;0;0;
954;15:54:00;0;0;0;0;0;0;0;
955;15:55:00;0;0;0;0;0;0;0;
956;15:56:00;0;0;0;0;0;0;0;
957;15:57:00;0;0;0;0;0;0;0;
958;15:58:00;0;0;0;0;0;0;0;
959;15:59:00;0;0;0;0;0;0;0;
960;16:00:00;0;0;0;0;0;0;0;
961;16:01:00;0;0;0;0;0;0;0;
962;16:02:00;0;0;0;0;0;0;0;
963;16:03:00;0;0;0;0;0;0;0;
964;16:04:00;0;0;0;0;0;0;0;
965;16:05:00;0;0;0;0;0;0;0;
966;16:06:00;0;0;0;0;0;0;0;
967;16:07:00;0;1;0;0;0;0;0;
968;16:08:00;0;0;0;0;0;0;0;
969;16:09:00;0;0;0;0;0;0;0;
970;16:10:00;0;0;0;0;0;0;0;
971;16:11:00;0;0;0;0;0;0;0;
972;16:12:00;0;0;0;0;0;0;0;
973;16:13:00;0;0;0;0;0;0;0;
974;16:14:00;0;0;0;0;0;0;0;
975;16:15:00;0;0;0;0;0;0;0;
976;16:16:00;0;0;0;0;0;0;0;
977;16:17:00;0;0;0;0;0;0;0;
978;16:18:00;0;0;0;0;0;0;0;
979;16:19:00;0;0;0;0;0;0;0;
980;16:20:00;0;0;0;0;0;0;0;
981;16:21:00;0;0;0;0;0;0;0;
982;16:22:00;0;0;0;0;0;0;0;
983;16:23:00;0;0;0;0;0;0;0;
984;16:24:00;0;0;0;0;0;0;0;
985;16:25:00;0;0;0;0;0;0;0;
986;16:26:00;0;0;0;0;0;0;0;
987;16:27:00;0;0;0;0;0;0;0;
988;16:28:00;0;0;0;0;0;0;0;
989;16:29:00;0;0;0;0;0;0;0;
990;16:30:00;0;0;0;0;0;0;0;
991;16:31:00;0;0;0;0;0;0;0;
992;16:32:00;0;0;0;0;0;0;0;
993;16:33:00;0;0;0;0;0;0;0;
994;16:34:00;0;0;0;0;0;0;0;
995;16:35:00;0;0;0;0;0;0;0;
996;16:36:00;0;0;0;0;0;0;0;
997;16:37:00;0;0;0;0;0;0;0;
998;16:38:00;0;0;0;0;0;0;0;
999;16:39:00;0;0;0;0;0;0;0;
1000;16:40:00;0;0;0;0;0;0;0;
1001;16:41:00;0;0;0;0;0;0;0;
1002;16:42:00;0;0;0;0;0;0;0;
1003;16:43:00;0;0;0;0;0;0;0;
1004;16:44:00;0;0;0;0;0;0;0;
1005;16:45:00;0;0;0;0;0;0;0;
1006;16:46:00;0;0;0;0;0;0;0;
1007;16:47:00;0;0;0;0;0;0;0;
1008;16:48:00;0;0;0;0;0;0;0;
1009;16:49:00;0;0;0;0;0;0;0;
1010;16:50:00;0;0;0;0;0;0;0;
1011;16:51:00;0;0;0;0;0;0;0;
1012;16:52:00;0;0;0;0;0;0;0;
1013;16:53:00;0;0;0;0;0;0;0;
1014;16:54:00;0;0;0;0;0;0;0;
1015;16:55:00;0;0;0;0;0;0;0;
1016;16:56:00;0;0;0;0;0;0;0;
1017;16:57:00;0;0;0;0;0;0;0;
1018;16:58:00;0;0;0;0;0;0;0;
1019;16:59:00;0;0;1;0;0;0;0;
1020;17:00:00;0;0;1;0;0;0;0;
1021;17:01:00;0;0;1;0;0;0;0;
1022;17:02:00;0;0;1;0;0;0;0;
1023;17:03:00;0;0;1;0;0;0;0;
1024;17:04:00;0;0;1;0;0;0;0;
1025;17:05:00;0;0;0;0;0;0;0;
1026;17:06:00;0;0;0;0;0;0;0;
1027;17:07:00;0;0;0;0;0;0;0;
1028;17:08:00;0;0;0;0;0;0;0;
1029;17:09:00;0;0;0;0;0;0;0;
1030;17:10:00;0;0;0;0;0;0;0;
1031;17:11:00;0;0;0;0;0;0;0;
1032;17:12:00;0;0;0;0;0;0;0;
1033;17:13:00;0;0;0;0;0;0;0;
1034;17:14:00;0;0;0;0;0;0;0;
1035;17:15:00;0;0;0;0;0;0;0;
1036;17:16:00;0;0;0;0;0;0;0;
1037;17:17:00;0;0;0;0;0;0;0;
1038;17:18:00;0;0;0;0;0;0;0;
1039;17:19:00;0;0;0;0;0;0;0;
1040;17:20:00;0;0;0;0;0;0;0;
1041;17:21:00;0;0;0;0;0;0;0;
1042;17:22:00;0;0;0;0;0;0;0;
1043;17:23:00;0;0;0;0;0;0;0;
1044;17:24:00;0;0;0;0;0;0;0;
1045;17:25:00;0;0;0;0;0;0;0;
1046;17:26:00;0;0;0;0;0;0;0;
1047;17:27:00;0;0;0;0;0;0;0;
1048;17:28:00;0;0;0;0;0;0;0;
1049;17:29:00;0;0;0;0;0;0;0;
1050;17:30:00;0;0;0;0;0;0;0;
1051;17:31:00;0;0;0;0;0;0;0;
1052;17:32:00;0;0;0;0;0;0;0;
1053;17:33:00;0;0;0;0;0;0;0;
1054;17:34:00;0;0;0;0;0;0;0;
1055;17:35:00;0;0;0;0;0;0;0;
1056;17:36:00;0;0;0;0;0;0;0;
1057;17:37:00;0;0;0;0;0;0;0;
1058;17:38:00;0;0;0;0;0;0;0;
1059;17:39:00;0;0;0;0;0;0;0;
1060;17:40:00;0;0;0;0;0;0;0;
1061;17:41:00;0;0;0;0;0;0;0;
1062;17:42:00;0;0;0;0;0;0;0;
1063;17:43:00;0;0;0;0;0;0;0;
1064;17:44:00;0;0;0;0;0;0;0;
1065;17:45:00;0;0;0;0;0;0;0;
1066;17:46:00;0;0;0;0;0;0;0;
1067;17:47:00;0;0;0;0;0;0;0;
1068;17:48:00;0;0;0;0;0;0;0;
1069;17:49:00;0;0;0;0;0;0;0;
1070;17:50:00;0;0;0;0;0;0;0;
1071;17:51:00;0;0;0;0;0;0;0;
1072;17:52:00;0;0;0;0;0;0;0;
1073;17:53:00;0;0;0;0;0;0;0;
1074;17:54:00;0;0;0;0;0;0;0;
1075;17:55:00;0;0;0;0;0;0;0;
1076;17:56:00;0;0;0;0;0;0;0;
1077;17:57:00;0;0;0;0;0;0;0;
1078;17:58:00;0;0;0;0;0;0;0;
1079;17:59:00;0;0;0;0;0;0;0;
1080;18:00:00;0;0;0;0;0;0;0;
1081;18:01:00;0;0;0;0;0;0;0;
1082;18:02:00;0;0;0;0;0;0;0;
1083;18:03:00;0;0;0;0;0;0;0;
1084;18:04:00;0;0;0;0;0;0;0;
1085;18:05:00;0;0;0;0;0;0;0;
1086;18:06:00;0;0;0;0;0;0;1;
1087;18:07:00;0;0;0;0;0;0;1;
1088;18:08:00;0;0;0;0;0;0;0;
1089;18:09:00;0;0;0;0;0;0;0;
1090;18:10:00;0;0;0;0;0;0;0;
1091;18:11:00;0;0;0;0;0;0;0;
1092;18:12:00;0;0;0;0;0;0;0;
1093;18:13:00;0;0;0;0;0;0;0;
1094;18:14:00;0;0;0;0;0;0;0;
1095;18:15:00;0;0;0;0;0;0;0;
1096;18:16:00;0;0;0;0;0;0;0;
1097;18:17:00;0;0;0;0;0;0;0;
1098;18:18:00;0;0;0;0;0;0;0;
1099;18:19:00;0;0;0;0;0;0;0;
1100;18:20:00;0;0;0;0;0;0;0;
1101;18:21:00;0;0;0;0;0;0;0;
1102;18:22:00;0;0;0;0;0;0;0;
1103;18:23:00;0;0;0;0;0;0;0;
1104;18:24:00;0;0;0;0;0;0;0;
1105;18:25:00;0;0;0;0;0;0;0;
1106;18:26:00;0;0;0;0;0;0;0;
1107;18:27:00;0;0;0;0;0;0;0;
1108;18:28:00;0;0;0;0;0;0;0;
1109;18:29:00;0;0;0;0;0;0;0;
1110;18:30:00;0;0;0;0;0;0;0;
1111;18:31:00;0;0;0;0;0;0;0;
1112;18:32:00;0;0;0;0;0;0;0;
1113;18:33:00;0;0;0;0;0;0;0;
1114;18:34:00;0;0;0;0;0;0;0;
1115;18:35:00;0;0;0;0;0;0;0;
1116;18:36:00;0;0;0;0;0;0;0;
1117;18:37:00;0;0;0;0;0;0;0;
1118;18:38:00;0;0;0;0;0;0;0;
1119;18:39:00;0;0;0;0;0;0;0;
1120;18:40:00;0;0;0;0;0;0;0;
1121;18:41:00;0;0;0;0;0;0;0;
1122;18:42:00;0;0;0;0;0;0;0;
1123;18:43:00;0;0;0;0;0;0;0;
1124;18:44:00;0;0;0;0;0;0;0;
1125;18:45:00;0;0;0;0;0;0;0;
1126;18:46:00;0;0;0;0;0;0;0;
1127;18:47:00;0;0;0;0;0;0;0;
1128;18:48:00;0;0;0;0;0;0;0;
1129;18:49:00;0;0;0;0;0;0;0;
1130;18:50:00;0;0;0;0;0;0;0;
1131;18:51:00;0;0;0;0;0;0;0;
1132;18:52:00;0;0;0;0;0;0;0;
1133;18:53:00;0;0;0;0;0;0;0;
1134;18:54:00;0;0;0;0;0;0;0;
1135;18:55:00;0;0;0;0;0;0;0;
1136;18:56:00;0;0;0;0;0;0;0;
1137;18:57:00;0;0;0;0;0;0;0;
1138;18:58:00;0;0;0;0;0;0;0;
1139;18:59:00;0;0;0;0;0;0;0;
1140;19:00:00;0;0;0;0;0;0;0;
1141;19:01:00;0;0;0;0;0;0;0;
1142;19:02:00;0;0;0;0;0;0;0;
1143;19:03:00;0;0;0;0;0;0;0;
1144;19:04:00;0;0;0;0;0;0;0;
1145;19:05:00;0;0;0;0;0;0;0;
1146;19:06:00;0;0;0;0;0;0;0;
1147;19:07:00;0;0;0;0;0;0;0;
1148;19:08:00;0;0;0;0;0;0;1;
1149;19:09:00;0;0;0;0;0;0;0;
1150;19:10:00;0;0;0;0;0;0;0;
1151;19:11:00;0;0;0;0;0;0;0;
1152;19:12:00;0;0;0;0;0;0;0;
1153;19:13:00;0;0;0;0;0;0;0;
1154;19:14:00;0;0;0;0;0;0;0;
1155;19:15:00;0;0;0;0;0;0;0;
1156;19:16:00;0;0;0;0;0;0;0;
1157;19:17:00;0;0;0;0;0;0;0;
1158;19:18:00;0;0;0;0;0;0;0;
1159;19:19:00;0;0;0;0;0;0;1;
1160;19:20:00;0;0;0;0;0;0;1;
1161;19:21:00;0;0;0;0;0;0;0;
1162;19:22:00;0;0;0;0;0;0;0;
1163;19:23:00;0;0;0;0;0;0;0;
1164;19:24:00;0;0;0;0;0;0;0;
1165;19:25:00;0;0;0;0;0;0;0;
1166;19:26:00;0;0;0;0;0;0;0;
1167;19:27:00;0;0;0;0;0;0;0;
1168;19:28:00;0;0;0;0;0;0;0;
1169;19:29:00;0;0;0;0;0;0;0;
1170;19:30:00;0;1;0;0;0;0;0;
1171;19:31:00;0;1;0;0;0;0;0;
1172;19:32:00;0;0;0;0;0;0;0;
1173;19:33:00;0;0;0;0;0;0;0;
1174;19:34:00;0;0;0;0;0;0;0;
1175;19:35:00;0;0;0;0;0;0;0;
1176;19:36:00;0;0;0;0;0;0;0;
1177;19:37:00;0;0;0;0;0;0;0;
1178;19:38:00;0;0;0;0;0;0;0;
1179;19:39:00;0;0;0;0;0;0;0;
1180;19:40:00;0;0;0;0;0;0;0;
1181;19:41:00;0;0;0;0;0;0;0;
1182;19:42:00;0;0;0;0;0;0;0;
1183;19:43:00;0;0;0;0;0;0;0;
1184;19:44:00;0;0;0;0;0;0;0;
1185;19:45:00;0;0;0;0;0;0;0;
1186;19:46:00;0;0;0;0;0;0;0;
1187;19:47:00;0;0;0;0;0;0;0;
1188;19:48:00;0;0;0;0;0;0;0;
1189;19:49:00;0;0;0;0;0;0;0;
1190;19:50:00;0;0;0;0;0;0;0;
1191;19:51:00;0;0;0;0;0;0;0;
1192;19:52:00;0;0;0;0;0;0;0;
1193;19:53:00;0;0;0;0;0;0;0;
1194;19:54:00;0;0;0;0;0;0;0;
1195;19:55:00;0;0;0;0;0;0;0;
1196;19:56:00;0;0;0;0;0;0;0;
1197;19:57:00;0;0;0;0;0;0;0;
1198;19:58:00;0;0;0;0;0;0;0;
1199;19:59:00;0;0;0;0;0;0;0;
1200;20:00:00;0;0;0;0;0;0;0;
1201;20:01:00;0;0;0;0;0;0;0;
1202;20:02:00;0;0;0;0;0;0;0;
1203;20:03:00;0;0;0;0;0;0;0;
1204;20:04:00;0;0;0;0;0;0;0;
1205;20:05:00;0;0;0;0;0;0;0;
1206;20:06:00;0;0;0;0;0;0;0;
1207;20:07:00;0;0;0;0;0;0;0;
1208;20:08:00;0;0;0;0;0;0;0;
1209;20:09:00;0;0;0;0;0;0;0;
1210;20:10:00;0;0;0;0;0;0;0;
1211;20:11:00;0;0;0;0;0;0;0;
1212;20:12:00;0;0;0;0;0;0;0;
1213;20:13:00;0;0;0;0;0;0;0;
1214;20:14:00;0;0;0;0;0;0;0;
1215;20:15:00;0;0;0;0;0;0;0;
1216;20:16:00;0;0;0;0;0;0;0;
1217;20:17:00;0;0;0;0;0;0;0;
1218;20:18:00;0;0;0;0;0;0;0;
1219;20:19:00;0;0;0;0;0;0;0;
1220;20:20:00;0;0;0;0;0;0;0;
1221;20:21:00;0;0;0;0;0;0;0;
1222;20:22:00;0;0;0;0;0;0;0;
1223;20:23:00;0;0;0;0;0;0;0;
1224;20:24:00;0;0;0;0;0;0;0;
1225;20:25:00;0;0;0;0;0;0;0;
1226;20:26:00;0;0;0;0;0;0;0;
1227;20:27:00;0;0;0;0;0;0;0;
1228;20:28:00;0;0;0;0;0;0;0;
1229;20:29:00;0;0;0;0;0;0;0;
1230;20:30:00;0;0;0;0;0;0;0;
1231;20:31:00;0;0;0;0;0;0;0;
1232;20:32:00;0;0;0;0;0;0;0;
1233;20:33:00;0;0;0;0;0;0;0;
1234;20:34:00;0;0;0;0;0;0;0;
1235;20:35:00;0;0;0;0;0;0;0;
1236;20:36:00;0;0;0;0;0;0;1;
1237;20:37:00;0;0;0;0;0;0;1;
1238;20:38:00;0;0;0;0;0;0;0;
1239;20:39:00;0;0;0;0;0;0;0;
1240;20:40:00;0;0;0;0;0;0;0;
1241;20:41:00;0;0;0;0;0;0;0;
1242;20:42:00;0;0;0;0;0;0;0;
1243;20:43:00;0;0;0;0;0;0;0;
1244;20:44:00;0;0;0;0;0;0;0;
1245;20:45:00;0;0;0;0;0;0;0;
1246;20:46:00;0;0;0;0;0;0;0;
1247;20:47:00;0;0;0;0;0;0;0;
1248;20:48:00;0;0;0;0;0;0;0;
1249;20:49:00;0;0;0;0;0;0;0;
1250;20:50:00;0;0;0;0;0;0;0;
1251;20:51:00;0;0;0;0;0;0;0;
1252;20:52:00;0;0;0;0;0;0;0;
1253;20:53:00;0;0;0;0;0;0;0;
1254;20:54:00;0;0;0;0;0;0;0;
1255;20:55:00;0;0;0;0;0;0;0;
1256;20:56:00;0;0;0;0;0;0;0;
1257;20:57:00;0;0;0;0;0;0;0;
1258;20:58:00;0;0;0;0;0;0;0;
1259;20:59:00;0;0;0;0;0;0;0;
1260;21:00:00;0;0;0;0;0;0;0;
1261;21:01:00;0;0;0;0;0;0;0;
1262;21:02:00;0;0;0;0;0;0;0;
1263;21:03:00;0;0;0;0;0;0;0;
1264;21:04:00;0;0;0;0;0;0;0;
1265;21:05:00;0;0;0;0;0;0;0;
1266;21:06:00;0;0;0;0;0;0;0;
1267;21:07:00;0;0;0;0;0;0;0;
1268;21:08:00;0;0;0;0;0;0;0;
1269;21:09:00;0;0;0;0;0;0;0;
1270;21:10:00;0;0;0;0;0;0;0;
1271;21:11:00;0;0;0;0;0;0;0;
1272;21:12:00;0;0;0;0;0;0;0;
1273;21:13:00;0;0;0;0;0;0;0;
1274;21:14:00;0;0;0;0;0;0;0;
1275;21:15:00;0;0;0;0;0;0;0;
1276;21:16:00;0;0;0;0;0;0;0;
1277;21:17:00;0;0;0;0;0;0;0;
1278;21:18:00;0;0;0;0;0;0;0;
1279;21:19:00;0;0;0;0;0;0;0;
1280;21:20:00;0;0;0;0;0;0;0;
1281;21:21:00;0;0;0;0;0;0;0;
1282;21:22:00;0;0;0;0;0;0;0;
1283;21:23:00;0;0;0;0;0;0;0;
1284;21:24:00;0;0;0;0;0;0;0;
1285;21:25:00;0;0;0;0;0;0;0;
1286;21:26:00;0;0;0;0;0;0;0;
1287;21:27:00;0;0;0;0;0;0;0;
1288;21:28:00;0;0;0;0;0;0;0;
1289;21:29:00;0;0;0;0;0;0;0;
1290;21:30:00;0;0;0;0;0;0;0;
1291;21:31:00;0;0;0;0;0;0;0;
1292;21:32:00;0;0;0;0;0;0;0;
1293;21:33:00;0;0;0;0;0;0;0;
1294;21:34:00;0;0;0;0;0;0;0;
1295;21:35:00;0;0;0;0;0;0;0;
1296;21:36:00;0;0;0;0;0;0;0;
1297;21:37:00;0;0;0;0;0;0;0;
1298;21:38:00;0;0;0;0;0;0;0;
1299;21:39:00;0;0;0;0;0;0;0;
1300;21:40:00;0;0;0;0;0;0;0;
1301;21:41:00;0;0;0;0;0;0;0;
1302;21:42:00;0;0;0;0;0;0;0;
1303;21:43:00;0;0;0;0;0;0;0;
1304;21:44:00;0;0;0;0;0;0;0;
1305;21:45:00;0;0;0;0;0;0;0;
1306;21:46:00;0;0;0;0;0;0;0;
1307;21:47:00;0;0;0;0;0;0;0;
1308;21:48:00;0;0;0;0;0;0;0;
1309;21:49:00;0;0;0;0;0;0;0;
1310;21:50:00;0;0;0;0;0;0;0;
1311;21:51:00;0;0;0;0;0;0;0;
1312;21:52:00;0;0;0;0;0;0;0;
1313;21:53:00;0;0;0;0;0;0;0;
1314;21:54:00;0;0;0;0;0;0;0;
1315;21:55:00;0;0;0;0;0;0;0;
1316;21:56:00;0;0;0;0;0;0;0;
1317;21:57:00;0;0;0;0;0;0;0;
1318;21:58:00;0;0;0;0;0;0;0;
1319;21:59:00;0;0;0;0;0;0;0;
1320;22:00:00;0;0;0;0;0;0;0;
1321;22:01:00;0;0;0;0;0;0;0;
1322;22:02:00;0;0;0;0;0;0;0;
1323;22:03:00;0;0;0;0;0;0;0;
1324;22:04:00;0;0;0;0;0;0;0;
1325;22:05:00;0;0;0;0;0;0;0;
1326;22:06:00;0;0;0;0;0;0;0;
1327;22:07:00;0;0;0;0;0;0;0;
1328;22:08:00;0;0;0;0;0;0;0;
1329;22:09:00;0;0;0;0;0;0;0;
1330;22:10:00;0;0;0;0;0;0;0;
1331;22:11:00;0;0;0;0;0;0;0;
1332;22:12:00;0;0;0;0;0;0;0;
1333;22:13:00;0;0;0;0;0;0;0;
1334;22:14:00;0;0;0;0;0;0;0;
1335;22:15:00;0;0;0;0;0;0;0;
1336;22:16:00;0;0;0;0;0;0;0;
1337;22:17:00;0;0;0;0;0;0;0;
1338;22:18:00;0;0;0;0;0;0;0;
1339;22:19:00;0;0;0;0;0;0;0;
1340;22:20:00;0;0;0;0;0;0;0;
1341;22:21:00;0;0;0;0;0;0;0;
1342;22:22:00;0;0;0;0;0;0;0;
1343;22:23:00;0;0;0;0;0;0;0;
1344;22:24:00;0;0;0;0;0;0;0;
1345;22:25:00;0;0;0;0;0;0;0;
1346;22:26:00;0;0;0;0;0;0;0;
1347;22:27:00;0;0;0;0;0;0;0;
1348;22:28:00;0;0;0;0;0;0;0;
1349;22:29:00;0;0;0;0;0;0;0;
1350;22:30:00;0;0;0;0;0;0;0;
1351;22:31:00;0;0;0;0;0;0;0;
1352;22:32:00;0;0;0;0;0;0;0;
1353;22:33:00;0;0;0;0;0;0;0;
1354;22:34:00;0;0;0;0;0;0;0;
1355;22:35:00;0;0;0;0;0;0;0;
1356;22:36:00;0;0;0;0;0;0;0;
1357;22:37:00;0;0;0;0;0;0;0;
1358;22:38:00;0;0;0;0;0;0;0;
1359;22:39:00;0;0;0;0;0;0;0;
1360;22:40:00;0;0;0;0;0;0;0;
1361;22:41:00;0;0;0;0;0;0;0;
1362;22:42:00;0;0;0;0;0;0;0;
1363;22:43:00;0;0;0;0;0;0;0;
1364;22:44:00;0;0;0;0;0;0;0;
1365;22:45:00;0;0;0;0;0;0;0;
1366;22:46:00;0;0;0;0;0;0;0;
1367;22:47:00;0;0;0;0;0;0;0;
1368;22:48:00;0;0;0;0;0;0;0;
1369;22:49:00;0;0;0;0;0;0;0;
1370;22:50:00;0;0;0;0;0;0;0;
1371;22:51:00;0;0;0;0;0;0;0;
1372;22:52:00;0;0;0;0;0;0;0;
1373;22:53:00;0;0;0;0;0;0;0;
1374;22:54:00;0;0;0;0;0;0;0;
1375;22:55:00;0;0;0;0;0;0;0;
1376;22:56:00;0;0;0;0;0;0;0;
1377;22:57:00;0;0;0;0;0;0;0;
1378;22:58:00;0;0;0;0;0;0;0;
1379;22:59:00;0;0;0;0;0;0;0;
1380;23:00:00;0;0;0;0;0;0;0;
1381;23:01:00;0;0;0;0;0;0;0;
1382;23:02:00;0;0;0;0;0;0;0;
1383;23:03:00;0;0;0;0;0;0;0;
1384;23:04:00;0;0;0;0;0;0;0;
1385;23:05:00;0;0;0;0;0;0;0;
1386;23:06:00;0;0;0;0;0;0;0;
1387;23:07:00;0;0;0;0;0;0;0;
1388;23:08:00;0;0;0;0;0;0;0;
1389;23:09:00;0;0;0;0;0;0;0;
1390;23:10:00;0;0;0;0;0;0;0;
1391;23:11:00;0;0;0;0;0;0;0;
1392;23:12:00;0;0;0;0;0;0;0;
1393;23:13:00;0;0;0;0;0;0;0;
1394;23:14:00;0;0;0;0;0;0;0;
1395;23:15:00;0;0;0;0;0;0;0;
1396;23:16:00;0;0;0;0;0;0;0;
1397;23:17:00;0;0;0;0;0;0;0;
1398;23:18:00;0;0;0;0;0;0;0;
1399;23:19:00;0;0;0;0;0;0;0;
1400;23:20:00;0;0;0;0;0;0;0;
1401;23:21:00;0;0;0;0;0;0;0;
1402;23:22:00;0;0;0;0;0;0;0;
1403;23:23:00;0;0;0;0;0;0;0;
1404;23:24:00;0;0;0;0;0;0;0;
1405;23:25:00;0;0;0;0;0;0;0;
1406;23:26:00;0;0;0;0;0;0;0;
1407;23:27:00;0;0;0;0;0;0;0;
1408;23:28:00;0;0;0;0;0;0;0;
1409;23:29:00;0;0;0;0;0;0;0;
1410;23:30:00;0;0;0;0;0;0;0;
1411;23:31:00;0;0;0;0;0;0;0;
1412;23:32:00;0;0;0;0;0;0;0;
1413;23:33:00;0;0;0;0;0;0;0;
1414;23:34:00;0;0;0;0;0;0;0;
1415;23:35:00;0;0;0;0;0;0;0;
1416;23:36:00;0;0;0;0;0;0;0;
1417;23:37:00;0;0;0;0;0;0;0;
1418;23:38:00;0;0;0;0;0;0;0;
1419;23:39:00;0;0;0;0;0;0;0;
1420;23:40:00;0;0;0;0;0;0;0;
1421;23:41:00;0;0;0;0;0;0;0;
1422;23:42:00;0;0;0;0;0;0;0;
1423;23:43:00;0;0;0;0;0;0;0;
1424;23:44:00;0;0;0;0;0;0;0;
1425;23:45:00;0;0;0;0;0;0;0;
1426;23:46:00;0;0;0;0;0;0;0;
1427;23:47:00;0;0;0;0;0;0;0;
1428;23:48:00;0;0;0;0;0;0;0;
1429;23:49:00;0;0;0;0;0;0;0;
1430;23:50:00;0;0;0;0;0;0;0;
1431;23:51:00;0;0;0;0;0;0;0;
1432;23:52:00;0;0;0;0;0;0;0;
1433;23:53:00;0;0;0;0;0;0;0;
1434;23:54:00;0;0;0;0;0;0;0;
1435;23:55:00;0;0;0;0;0;0;0;
1436;23:56:00;0;0;0;0;0;0;0;
1437;23:57:00;0;0;0;0;0;0;0;
1438;23:58:00;0;0;0;0;0;0;0;
1439;23:59:00;0;0;0;0;0;0;0;
